filename_i,date,citedby_count
1,2017-12-31,0
2,2017-12-31,0
3,2017-12-31,2
4,2017-12-31,0
5,2017-12-31,10
6,2017-12-31,0
7,2017-12-31,0
8,2017-12-31,3
9,2017-12-31,2
10,2017-12-31,1
11,2017-12-31,0
12,2017-12-31,0
13,2017-12-31,0
14,2017-12-31,0
15,2017-12-31,0
16,2017-12-31,1
17,2017-12-31,1
18,2017-12-31,0
19,2017-12-31,1
20,2017-12-31,0
21,2017-12-31,0
22,2017-12-31,1
23,2017-12-31,0
24,2017-12-31,0
25,2017-12-31,1
26,2017-12-31,0
27,2017-12-31,1
28,2017-12-31,0
29,2017-12-31,0
30,2017-12-31,0
31,2017-12-31,1
32,2017-12-31,0
33,2017-12-31,0
34,2017-12-31,0
35,2017-12-31,0
36,2017-12-31,0
37,2017-12-31,0
38,2017-12-31,0
39,2017-12-31,0
40,2017-12-31,0
41,2017-12-31,0
42,2017-12-31,1
43,2017-12-31,0
44,2017-12-31,0
45,2017-12-31,0
46,2017-12-31,0
47,2017-12-31,0
48,2017-12-31,1
49,2017-12-31,1
50,2017-12-31,0
51,2017-12-31,1
52,2017-12-31,11
53,2017-12-31,7
54,2017-12-31,5
55,2017-12-31,5
56,2017-12-31,0
57,2017-12-31,3
58,2017-12-31,20
59,2017-12-31,27
60,2017-12-31,37
61,2017-12-31,22
62,2017-12-31,48
63,2017-12-31,63
64,2017-12-31,49
65,2017-12-31,0
66,2017-12-31,32
67,2017-12-31,4
68,2017-12-31,119
69,2017-12-31,17
70,2017-12-31,55
71,2017-12-31,16
72,2017-12-31,25
73,2017-12-31,11
74,2017-12-31,4
75,2017-12-31,97
76,2017-12-31,79
77,2017-12-31,32
78,2017-12-31,28
79,2017-12-31,8
80,2017-12-31,20
81,2017-12-31,26
82,2017-12-31,17
83,2017-12-31,64
84,2017-12-31,48
85,2017-12-31,27
86,2017-12-31,233
87,2017-12-31,116
88,2017-12-31,89
89,2017-12-31,73
90,2017-12-31,21
91,2017-12-31,30
92,2017-12-31,27
93,2017-12-31,32
94,2017-12-31,27
95,2017-12-31,21
96,2017-12-31,16
97,2017-12-31,38
98,2017-12-31,40
99,2017-12-31,8
100,2017-12-31,41
101,2017-12-31,53
102,2017-12-31,58
103,2017-12-31,39
104,2017-12-31,45
105,2017-12-31,43
106,2017-12-31,57
107,2017-12-31,55
108,2017-12-31,30
109,2017-12-31,48
110,2017-12-31,1
111,2017-12-31,103
112,2017-12-31,17
113,2017-12-31,65
114,2017-12-31,35
115,2017-12-31,25
116,2017-12-31,33
117,2017-12-31,27
118,2017-12-31,5
119,2017-12-31,13
120,2017-12-31,30
121,2017-12-31,49
122,2017-12-31,9
123,2017-12-31,360
124,2017-12-31,48
125,2017-12-31,27
126,2017-12-31,22
127,2017-12-31,58
128,2017-12-31,16
129,2017-12-31,15
130,2017-12-31,84
131,2017-12-31,1
132,2017-12-31,9
133,2017-12-31,11
134,2017-12-31,28
135,2017-12-31,9
136,2017-12-31,10
137,2017-12-31,6
138,2017-12-31,96
139,2017-12-31,50
140,2017-12-31,30
141,2017-12-31,29
142,2017-12-31,21
143,2017-12-31,295
144,2017-12-31,39
145,2017-12-31,175
146,2017-12-31,125
147,2017-12-31,15
148,2017-12-31,20
149,2017-12-31,36
150,2017-12-31,24
151,2017-12-31,39
152,2017-12-31,42
153,2017-12-31,42
154,2017-12-31,58
155,2017-12-31,243
156,2017-12-31,78
157,2017-12-31,9
158,2017-12-31,12
159,2017-12-31,66
160,2017-12-31,77
161,2017-12-31,61
162,2017-12-31,56
163,2017-12-31,20
164,2017-12-31,36
165,2017-12-31,15
166,2017-12-31,70
167,2017-12-31,5
168,2017-12-31,30
169,2017-12-31,26
170,2017-12-31,54
171,2017-12-31,14
172,2017-12-31,6
173,2017-12-31,67
174,2017-12-31,41
175,2017-12-31,32
176,2017-12-31,35
177,2017-12-31,61
178,2017-12-31,37
179,2017-12-31,15
180,2017-12-31,38
181,2017-12-31,105
182,2017-12-31,6
183,2017-12-31,14
184,2017-12-31,26
185,2017-12-31,53
186,2017-12-31,89
187,2017-12-31,39
188,2017-12-31,8
189,2017-12-31,11
190,2017-12-31,38
191,2017-12-31,13
192,2017-12-31,30
193,2017-12-31,53
194,2017-12-31,14
195,2017-12-31,12
196,2017-12-31,5
197,2017-12-31,30
198,2017-12-31,100
199,2017-12-31,16
200,2017-12-31,87
201,2017-12-31,10
202,2017-12-31,4
203,2017-12-31,23
204,2017-12-31,52
205,2017-12-31,81
206,2017-12-31,37
207,2017-12-31,5
208,2017-12-31,25
209,2017-12-31,24
210,2017-12-31,13
211,2017-12-31,26
212,2017-12-31,63
213,2017-12-31,6
214,2017-12-31,9
215,2017-12-31,205
216,2017-12-31,22
217,2017-12-31,69
218,2017-12-31,7
219,2017-12-31,52
220,2017-12-31,157
221,2017-12-31,1
222,2017-12-31,57
223,2017-12-31,2
224,2017-12-31,23
225,2017-12-31,20
226,2017-12-31,32
227,2017-12-31,33
228,2017-12-31,17
229,2017-12-31,7
230,2017-12-31,14
231,2017-12-31,48
232,2017-12-31,87
233,2017-12-31,69
234,2017-12-31,2
235,2017-12-31,25
236,2017-12-31,94
237,2017-12-31,83
238,2017-12-31,27
239,2017-12-31,11
240,2017-12-31,13
241,2017-12-31,20
242,2017-12-31,33
243,2017-12-31,53
244,2017-12-31,103
245,2017-12-31,12
246,2017-12-31,29
247,2017-12-31,16
248,2017-12-31,14
249,2017-12-31,20
250,2017-12-31,4
251,2017-12-31,1
252,2017-12-31,130
253,2017-12-31,123
254,2017-12-31,29
255,2017-12-31,7
256,2017-12-31,47
257,2017-12-31,28
258,2017-12-31,232
259,2017-12-31,94
260,2017-12-31,23
261,2017-12-31,106
262,2017-12-31,3
263,2017-12-31,23
264,2017-12-31,66
265,2017-12-31,20
266,2017-12-31,339
267,2017-12-31,5
268,2017-12-31,28
269,2017-12-31,4
270,2017-12-31,23
271,2017-12-31,75
272,2017-12-31,38
273,2017-12-31,25
274,2017-12-31,252
275,2017-12-31,27
276,2017-12-31,21
277,2017-12-31,132
278,2017-12-31,27
279,2017-12-31,74
280,2017-12-31,35
281,2017-12-31,42
282,2017-12-31,19
283,2017-12-31,50
284,2017-12-31,53
285,2017-12-31,54
286,2017-12-31,39
287,2017-12-31,176
288,2017-12-31,41
289,2017-12-31,135
290,2017-12-31,14
291,2017-12-31,52
292,2017-12-31,8
293,2017-12-31,15
294,2017-12-31,7
295,2017-12-31,47
296,2017-12-31,67
297,2017-12-31,27
298,2017-12-31,37
299,2017-12-31,45
300,2017-12-31,28
301,2017-12-31,0
302,2017-12-31,1
303,2017-12-31,1
304,2017-12-31,1
305,2017-12-31,1
306,2017-12-31,4
307,2017-12-31,0
308,2017-12-31,0
309,2017-12-31,0
310,2017-12-31,1
311,2017-12-31,5
312,2017-12-31,14
313,2017-12-31,3
314,2017-12-31,0
315,2017-12-31,6
316,2017-12-31,11
317,2017-12-31,1
318,2017-12-31,2
319,2017-12-31,1
320,2017-12-31,2
321,2017-12-31,2
322,2017-12-31,0
323,2017-12-31,1
324,2017-12-31,0
325,2017-12-31,0
326,2017-12-31,14
327,2017-12-31,29
328,2017-12-31,47
329,2017-12-31,161
330,2017-12-31,72
331,2017-12-31,19
332,2017-12-31,14
333,2017-12-31,32
334,2017-12-31,22
335,2017-12-31,35
336,2017-12-31,0
337,2017-12-31,28
338,2017-12-31,51
339,2017-12-31,34
340,2017-12-31,0
341,2017-12-31,44
342,2017-12-31,56
343,2017-12-31,193
344,2017-12-31,13
345,2017-12-31,15
346,2017-12-31,8
347,2017-12-31,22
348,2017-12-31,19
349,2017-12-31,82
350,2017-12-31,26
351,2017-12-31,100
352,2017-12-31,73
353,2017-12-31,56
354,2017-12-31,5
355,2017-12-31,42
356,2017-12-31,9
357,2017-12-31,18
358,2017-12-31,16
359,2017-12-31,18
360,2017-12-31,6
361,2017-12-31,28
362,2017-12-31,49
363,2017-12-31,152
364,2017-12-31,21
365,2017-12-31,82
366,2017-12-31,4
367,2017-12-31,34
368,2017-12-31,17
369,2017-12-31,72
370,2017-12-31,23
371,2017-12-31,41
372,2017-12-31,73
373,2017-12-31,8
374,2017-12-31,173
375,2017-12-31,11
376,2017-12-31,7
377,2017-12-31,136
378,2017-12-31,17
379,2017-12-31,57
380,2017-12-31,19
381,2017-12-31,78
382,2017-12-31,73
383,2017-12-31,216
384,2017-12-31,33
385,2017-12-31,6
386,2017-12-31,75
387,2017-12-31,46
388,2017-12-31,188
389,2017-12-31,52
390,2017-12-31,18
391,2017-12-31,25
392,2017-12-31,35
393,2017-12-31,27
394,2017-12-31,87
395,2017-12-31,15
396,2017-12-31,10
397,2017-12-31,23
398,2017-12-31,35
399,2017-12-31,163
400,2017-12-31,93
401,2017-12-31,104
402,2017-12-31,8
403,2017-12-31,33
404,2017-12-31,21
405,2017-12-31,40
406,2017-12-31,257
407,2017-12-31,57
408,2017-12-31,127
409,2017-12-31,13
410,2017-12-31,44
411,2017-12-31,94
412,2017-12-31,5
413,2017-12-31,17
414,2017-12-31,79
415,2017-12-31,19
416,2017-12-31,33
417,2017-12-31,82
418,2017-12-31,7
419,2017-12-31,22
420,2017-12-31,291
421,2017-12-31,23
422,2017-12-31,75
423,2017-12-31,29
424,2017-12-31,49
425,2017-12-31,72
426,2017-12-31,28
427,2017-12-31,24
428,2017-12-31,40
429,2017-12-31,80
430,2017-12-31,74
431,2017-12-31,61
432,2017-12-31,56
433,2017-12-31,48
434,2017-12-31,9
435,2017-12-31,88
436,2017-12-31,13
437,2017-12-31,55
438,2017-12-31,50
439,2017-12-31,83
440,2017-12-31,118
441,2017-12-31,41
442,2017-12-31,38
443,2017-12-31,137
444,2017-12-31,25
445,2017-12-31,18
446,2017-12-31,34
447,2017-12-31,84
448,2017-12-31,22
449,2017-12-31,71
450,2017-12-31,37
451,2017-12-31,111
452,2017-12-31,96
453,2017-12-31,40
454,2017-12-31,5
455,2017-12-31,108
456,2017-12-31,18
457,2017-12-31,97
458,2017-12-31,26
459,2017-12-31,58
460,2017-12-31,52
461,2017-12-31,58
462,2017-12-31,17
463,2017-12-31,16
464,2017-12-31,6
465,2017-12-31,38
466,2017-12-31,12
467,2017-12-31,94
468,2017-12-31,19
469,2017-12-31,489
470,2017-12-31,226
471,2017-12-31,50
472,2017-12-31,392
473,2017-12-31,35
474,2017-12-31,20
475,2017-12-31,40
476,2017-12-31,25
477,2017-12-31,0
478,2017-12-31,80
479,2017-12-31,37
480,2017-12-31,60
481,2017-12-31,41
482,2017-12-31,102
483,2017-12-31,50
484,2017-12-31,128
485,2017-12-31,18
486,2017-12-31,34
487,2017-12-31,42
488,2017-12-31,33
489,2017-12-31,19
490,2017-12-31,40
491,2017-12-31,24
492,2017-12-31,133
493,2017-12-31,38
494,2017-12-31,13
495,2017-12-31,24
496,2017-12-31,141
497,2017-12-31,4
498,2017-12-31,53
499,2017-12-31,63
500,2017-12-31,42
501,2017-12-31,489
502,2017-12-31,115
503,2017-12-31,64
504,2017-12-31,16
505,2017-12-31,73
506,2017-12-31,26
507,2017-12-31,44
508,2017-12-31,31
509,2017-12-31,212
510,2017-12-31,45
511,2017-12-31,15
512,2017-12-31,20
513,2017-12-31,77
514,2017-12-31,70
515,2017-12-31,54
516,2017-12-31,64
517,2017-12-31,51
518,2017-12-31,27
519,2017-12-31,22
520,2017-12-31,27
521,2017-12-31,68
522,2017-12-31,35
523,2017-12-31,38
524,2017-12-31,19
525,2017-12-31,32
526,2017-12-31,35
527,2017-12-31,29
528,2017-12-31,107
529,2017-12-31,33
530,2017-12-31,10
531,2017-12-31,9
532,2017-12-31,105
533,2017-12-31,56
534,2017-12-31,10
535,2017-12-31,13
536,2017-12-31,33
537,2017-12-31,103
538,2017-12-31,273
539,2017-12-31,26
540,2017-12-31,193
541,2017-12-31,1
542,2017-12-31,195
543,2017-12-31,79
544,2017-12-31,528
545,2017-12-31,83
546,2017-12-31,87
547,2017-12-31,64
548,2017-12-31,29
549,2017-12-31,19
550,2017-12-31,25
551,2017-12-31,31
552,2017-12-31,6
553,2017-12-31,19
554,2017-12-31,19
555,2017-12-31,1
556,2017-12-31,18
557,2017-12-31,20
558,2017-12-31,7
559,2017-12-30,0
560,2017-12-30,0
561,2017-12-30,0
562,2017-12-30,0
563,2017-12-30,0
564,2017-12-30,0
565,2017-12-30,2
566,2017-12-30,1
567,2017-12-30,3
568,2017-12-30,1
569,2017-12-30,0
570,2017-12-30,0
571,2017-12-30,0
572,2017-12-30,1
573,2017-12-30,0
574,2017-12-30,0
575,2017-12-30,4
576,2017-12-31,1
577,2017-12-31,1
578,2017-12-31,0
579,2017-12-31,0
580,2017-12-31,4
581,2017-12-31,2
582,2017-12-31,2
583,2017-12-31,6
584,2017-12-31,2
585,2017-12-31,1
586,2017-12-31,9
587,2017-12-31,2
588,2017-12-31,2
589,2017-12-31,2
590,2017-12-31,3
591,2017-12-31,7
592,2017-12-31,2
593,2017-12-31,8
594,2017-12-31,9
595,2017-12-31,0
596,2017-12-31,1
597,2017-12-31,1
598,2017-12-31,4
599,2017-12-31,2
600,2017-12-31,0
601,2017-12-31,0
602,2017-12-31,0
603,2017-12-31,0
604,2017-12-31,0
605,2017-12-31,0
606,2017-12-31,0
607,2017-12-31,0
608,2017-12-31,0
609,2017-12-31,1
610,2017-12-31,0
611,2017-12-31,6
612,2017-12-31,4
613,2017-12-31,0
614,2017-12-31,0
615,2017-12-31,0
616,2017-12-31,0
617,2017-12-31,1
618,2017-12-31,1
619,2017-12-31,0
620,2017-12-31,1
621,2017-12-31,9
622,2017-12-31,0
623,2017-12-31,0
624,2017-12-31,0
625,2017-12-31,1
626,2017-12-31,0
627,2017-12-31,0
628,2017-12-31,0
629,2017-12-31,0
630,2017-12-31,0
631,2017-12-31,0
632,2017-12-31,0
633,2017-12-31,0
634,2017-12-31,1
635,2017-12-31,1
636,2017-12-31,0
637,2017-12-31,0
638,2017-12-31,4
639,2017-12-31,5
640,2017-12-31,2
641,2017-12-31,10
642,2017-12-31,2
643,2017-12-31,3
644,2017-12-31,11
645,2017-12-31,13
646,2017-12-31,12
647,2017-12-31,2
648,2017-12-31,20
649,2017-12-31,2
650,2017-12-31,11
651,2017-12-31,27
652,2017-12-31,21
653,2017-12-31,13
654,2017-12-31,14
655,2017-12-31,4
656,2017-12-31,8
657,2017-12-31,40
658,2017-12-31,9
659,2017-12-31,13
660,2017-12-31,14
661,2017-12-31,1
662,2017-12-31,3
663,2017-12-31,1
664,2017-12-31,6
665,2017-12-31,4
666,2017-12-31,7
667,2017-12-31,23
668,2017-12-31,12
669,2017-12-31,1
670,2017-12-31,4
671,2017-12-31,0
672,2017-12-31,6
673,2017-12-31,0
674,2017-12-31,0
675,2017-12-31,1
676,2017-12-31,0
677,2017-12-31,0
678,2017-12-31,0
679,2017-12-31,0
680,2017-12-31,0
681,2017-12-31,1
682,2017-12-31,0
683,2017-12-31,0
684,2017-12-31,0
685,2017-12-31,0
686,2017-12-31,0
687,2017-12-31,0
688,2017-12-31,1
689,2017-12-31,1
690,2017-12-31,0
691,2017-12-31,1
692,2017-12-31,0
693,2017-12-31,0
694,2017-12-31,0
695,2017-12-31,2
696,2017-12-31,0
697,2017-12-31,1
698,2017-12-31,0
699,2017-12-31,0
700,2017-12-31,0
701,2017-12-31,1
702,2017-12-31,0
703,2017-12-31,3
704,2017-12-31,8
705,2017-12-31,8
706,2017-12-31,2
707,2017-12-31,0
708,2017-12-31,1
709,2017-12-31,1
710,2017-12-31,1
711,2017-12-31,1
712,2017-12-31,2
713,2017-12-31,3
714,2017-12-31,2
715,2017-12-31,4
716,2017-12-31,0
717,2017-12-31,4
718,2017-12-31,4
719,2017-12-31,3
720,2017-12-31,1
721,2017-12-31,0
722,2017-12-31,5
723,2017-12-31,4
724,2017-12-31,18
725,2017-12-31,4
726,2017-12-31,9
727,2017-12-31,5
728,2017-12-31,3
729,2017-12-31,1
730,2017-12-31,1
731,2017-12-31,2
732,2017-12-31,12
733,2017-12-31,54
734,2017-12-31,17
735,2017-12-31,20
736,2017-12-31,6
737,2017-12-31,5
738,2017-12-31,4
739,2017-12-31,1
740,2017-12-31,3
741,2017-12-31,9
742,2017-12-31,1
743,2017-12-31,0
744,2017-12-31,5
745,2017-12-31,12
746,2017-12-31,1
747,2017-12-31,50
748,2017-12-31,68
749,2017-12-31,9
750,2017-12-31,5
751,2017-12-31,5
752,2017-12-31,0
753,2017-12-31,2
754,2017-12-31,2
755,2017-12-31,3
756,2017-12-31,9
757,2017-12-31,2
758,2017-12-31,2
759,2017-12-31,7
760,2017-12-31,2
761,2017-12-31,3
762,2017-12-31,5
763,2017-12-31,0
764,2017-12-31,0
765,2017-12-31,2
766,2017-12-31,1
767,2017-12-31,0
768,2017-12-31,5
769,2017-12-31,0
770,2017-12-31,0
771,2017-12-31,1
772,2017-12-31,5
773,2017-12-31,0
774,2017-12-31,3
775,2017-12-31,3
776,2017-12-31,1
777,2017-12-31,4
778,2017-12-31,1
779,2017-12-31,0
780,2017-12-31,0
781,2017-12-31,1
782,2017-12-31,7
783,2017-12-31,2
784,2017-12-31,0
785,2017-12-31,2
786,2017-12-31,2
787,2017-12-31,1
788,2017-12-31,0
789,2017-12-31,0
790,2017-12-31,1
791,2017-12-31,0
792,2017-12-31,2
793,2017-12-31,0
794,2017-12-31,1
795,2017-12-31,0
796,2017-12-31,2
797,2017-12-31,11
798,2017-12-31,1
799,2017-12-31,6
800,2017-12-31,2
801,2017-12-31,2
802,2017-12-31,3
803,2017-12-31,5
804,2017-12-31,0
805,2017-12-31,0
806,2017-12-31,3
807,2017-12-31,1
808,2017-12-31,2
809,2017-12-31,9
810,2017-12-31,14
811,2017-12-31,5
812,2017-12-31,0
813,2017-12-31,0
814,2017-12-31,1
815,2017-12-31,5
816,2017-12-31,2
817,2017-12-31,1
818,2017-12-31,0
819,2017-12-31,1
820,2017-12-31,2
821,2017-12-31,1
822,2017-12-31,1
823,2017-12-31,4
824,2017-12-31,34
825,2017-12-31,22
826,2017-12-31,0
827,2017-12-31,31
828,2017-12-31,6
829,2017-12-31,13
830,2017-12-31,9
831,2017-12-31,22
832,2017-12-31,7
833,2017-12-31,1
834,2017-12-31,3
835,2017-12-31,2
836,2017-12-31,1
837,2017-12-31,3
838,2017-12-31,3
839,2017-12-31,3
840,2017-12-31,3
841,2017-12-31,2
842,2017-12-31,0
843,2017-12-31,5
844,2017-12-31,0
845,2017-12-31,0
846,2017-12-31,6
847,2017-12-31,0
848,2017-12-31,0
849,2017-12-31,3
850,2017-12-31,12
851,2017-12-31,2
852,2017-12-31,1
853,2017-12-31,3
854,2017-12-31,1
855,2017-12-31,17
856,2017-12-31,7
857,2017-12-31,7
858,2017-12-31,7
859,2017-12-31,0
860,2017-12-31,1
861,2017-12-31,1
862,2017-12-31,6
863,2017-12-31,11
864,2017-12-31,6
865,2017-12-31,65
866,2017-12-31,1
867,2017-12-31,10
868,2017-12-31,0
869,2017-12-31,0
870,2017-12-31,4
871,2017-12-31,0
872,2017-12-31,0
873,2017-12-31,2
874,2017-12-31,2
875,2017-12-31,2
876,2017-12-31,2
877,2017-12-31,1
878,2017-12-31,1
879,2017-12-31,2
880,2017-12-31,0
881,2017-12-31,0
882,2017-12-31,4
883,2017-12-31,0
884,2017-12-31,2
885,2017-12-31,0
886,2017-12-31,4
887,2017-12-31,48
888,2017-12-31,3
889,2017-12-31,64
890,2017-12-31,30
891,2017-12-31,2
892,2017-12-31,10
893,2017-12-31,11
894,2017-12-31,26
895,2017-12-31,17
896,2017-12-31,3
897,2017-12-31,0
898,2017-12-31,5
899,2017-12-31,94
900,2017-12-31,2
901,2017-12-31,15
902,2017-12-31,6
903,2017-12-31,18
904,2017-12-31,4
905,2017-12-31,20
906,2017-12-31,39
907,2017-12-31,0
908,2017-12-31,7
909,2017-12-31,14
910,2017-12-31,10
911,2017-12-31,6
912,2017-12-31,8
913,2017-12-31,3
914,2017-12-31,12
915,2017-12-31,12
916,2017-12-31,11
917,2017-12-31,10
918,2017-12-31,5
919,2017-12-31,5
920,2017-12-31,3
921,2017-12-31,10
922,2017-12-31,2
923,2017-12-31,6
924,2017-12-31,8
925,2017-12-31,6
926,2017-12-31,7
927,2017-12-31,2
928,2017-12-31,11
929,2017-12-31,2
930,2017-12-31,16
931,2017-12-31,15
932,2017-12-31,8
933,2017-12-31,6
934,2017-12-31,4
935,2017-12-31,13
936,2017-12-31,25
937,2017-12-31,11
938,2017-12-31,81
939,2017-12-31,11
940,2017-12-31,25
941,2017-12-31,5
942,2017-12-31,21
943,2017-12-31,6
944,2017-12-31,8
945,2017-12-31,1
946,2017-12-31,1
947,2017-12-31,2
948,2017-12-31,49
949,2017-12-31,3
950,2017-12-31,29
951,2017-12-31,3
952,2017-12-31,2
953,2017-12-31,0
954,2017-12-31,1
955,2017-12-31,0
956,2017-12-31,0
957,2017-12-31,0
958,2017-12-31,0
959,2017-12-31,0
960,2017-12-31,0
961,2017-12-31,1
962,2017-12-31,0
963,2017-12-31,0
964,2017-12-31,0
965,2017-12-31,0
966,2017-12-31,0
967,2017-12-31,0
968,2017-12-31,1
969,2017-12-31,0
970,2017-12-31,2
971,2017-12-31,0
972,2017-12-31,0
973,2017-12-31,0
974,2017-12-31,0
975,2017-12-31,1
976,2017-12-31,18
977,2017-12-31,22
978,2017-12-31,21
979,2017-12-31,18
980,2017-12-31,86
981,2017-12-31,43
982,2017-12-31,17
983,2017-12-31,4
984,2017-12-31,7
985,2017-12-31,23
986,2017-12-31,16
987,2017-12-31,1
988,2017-12-31,7
989,2017-12-31,1
990,2017-12-31,0
991,2017-12-31,2
992,2017-12-31,4
993,2017-12-31,6
994,2017-12-31,16
995,2017-12-31,11
996,2017-12-31,0
997,2017-12-31,16
998,2017-12-31,2
999,2017-12-31,16
1000,2017-12-31,20
1001,2017-12-31,7
1002,2017-12-31,1
1003,2017-12-31,1
1004,2017-12-31,3
1005,2017-12-31,13
1006,2017-12-31,2
1007,2017-12-31,0
1008,2017-12-31,7
1009,2017-12-31,2
1010,2017-12-31,0
1011,2017-12-31,4
1012,2017-12-31,6
1013,2017-12-31,2
1014,2017-12-31,0
1015,2017-12-31,9
1016,2017-12-31,9
1017,2017-12-31,17
1018,2017-12-31,8
1019,2017-12-31,9
1020,2017-12-31,9
1021,2017-12-31,1
1022,2017-12-31,15
1023,2017-12-31,33
1024,2017-12-31,10
1025,2017-12-31,48
1026,2017-12-31,14
1027,2017-12-31,1
1028,2017-12-31,41
1029,2017-12-31,40
1030,2017-12-31,7
1031,2017-12-31,3
1032,2017-12-31,1
1033,2017-12-31,16
1034,2017-12-31,167
1035,2017-12-31,0
1036,2017-12-31,7
1037,2017-12-31,5
1038,2017-12-31,0
1039,2017-12-31,1
1040,2017-12-31,3
1041,2017-12-31,10
1042,2017-12-31,0
1043,2017-12-31,1
1044,2017-12-31,6
1045,2017-12-31,0
1046,2017-12-31,0
1047,2017-12-31,8
1048,2017-12-31,2
1049,2017-12-31,5
1050,2017-12-31,1
1051,2017-12-31,2
1052,2017-12-31,0
1053,2017-12-31,29
1054,2017-12-31,29
1055,2017-12-31,1
1056,2017-12-31,5
1057,2017-12-31,10
1058,2017-12-31,2
1059,2017-12-31,4
1060,2017-12-31,1
1061,2017-12-31,0
1062,2017-12-31,0
1063,2017-12-31,0
1064,2017-12-31,1
1065,2017-12-31,1
1066,2017-12-31,2
1067,2017-12-31,0
1068,2017-12-31,2
1069,2017-12-31,9
1070,2017-12-31,25
1071,2017-12-31,1
1072,2017-12-31,2
1073,2017-12-31,0
1074,2017-12-31,58
1075,2017-12-31,2
1076,2017-12-31,8
1077,2017-12-31,0
1078,2017-12-31,0
1079,2017-12-31,1
1080,2017-12-31,0
1081,2017-12-31,0
1082,2017-12-31,1
1083,2017-12-31,0
1084,2017-12-31,0
1085,2017-12-31,0
1086,2017-12-31,4
1087,2017-12-31,0
1088,2017-12-31,1
1089,2017-12-31,0
1090,2017-12-31,3
1091,2017-12-31,2
1092,2017-12-31,7
1093,2017-12-31,2
1094,2017-12-31,1
1095,2017-12-31,1
1096,2017-12-31,0
1097,2017-12-31,11
1098,2017-12-31,12
1099,2017-12-31,25
1100,2017-12-31,5
1101,2017-12-31,8
1102,2017-12-31,12
1103,2017-12-31,7
1104,2017-12-31,28
1105,2017-12-31,7
1106,2017-12-31,12
1107,2017-12-31,12
1108,2017-12-31,4
1109,2017-12-31,11
1110,2017-12-31,2
1111,2017-12-31,2
1112,2017-12-31,20
1113,2017-12-31,3
1114,2017-12-31,1
1115,2017-12-31,0
1116,2017-12-31,6
1117,2017-12-31,0
1118,2017-12-31,2
1119,2017-12-31,2
1120,2017-12-31,1
1121,2017-12-31,4
1122,2017-12-31,7
1123,2017-12-31,2
1124,2017-12-31,0
1125,2017-12-31,1
1126,2017-12-31,38
1127,2017-12-31,3
1128,2017-12-31,6
1129,2017-12-31,8
1130,2017-12-31,15
1131,2017-12-31,5
1132,2017-12-31,8
1133,2017-12-31,0
1134,2017-12-31,1
1135,2017-12-31,2
1136,2017-12-31,3
1137,2017-12-31,55
1138,2017-12-31,6
1139,2017-12-31,4
1140,2017-12-31,23
1141,2017-12-31,21
1142,2017-12-31,1
1143,2017-12-31,0
1144,2017-12-31,4
1145,2017-12-31,3
1146,2017-12-31,13
1147,2017-12-31,4
1148,2017-12-31,4
1149,2017-12-31,1
1150,2017-12-31,0
1151,2017-12-31,0
1152,2017-12-31,4
1153,2017-12-31,12
1154,2017-12-31,7
1155,2017-12-31,2
1156,2017-12-31,3
1157,2017-12-31,3
1158,2017-12-31,0
1159,2017-12-31,0
1160,2017-12-31,5
1161,2017-12-31,6
1162,2017-12-31,3
1163,2017-12-31,8
1164,2017-12-31,3
1165,2017-12-31,3
1166,2017-12-31,15
1167,2017-12-31,6
1168,2017-12-31,4
1169,2017-12-31,2
1170,2017-12-31,4
1171,2017-12-31,4
1172,2017-12-31,2
1173,2017-12-31,3
1174,2017-12-31,11
1175,2017-12-31,7
1176,2017-12-31,3
1177,2017-12-31,3
1178,2017-12-31,1
1179,2017-12-31,0
1180,2017-12-31,0
1181,2017-12-31,4
1182,2017-12-31,1
1183,2017-12-31,8
1184,2017-12-31,12
1185,2017-12-31,10
1186,2017-12-31,2
1187,2017-12-31,11
1188,2017-12-31,0
1189,2017-12-31,1
1190,2017-12-31,21
1191,2017-12-31,7
1192,2017-12-31,4
1193,2017-12-31,8
1194,2017-12-31,86
1195,2017-12-31,1
1196,2017-12-31,0
1197,2017-12-31,0
1198,2017-12-31,7
1199,2017-12-31,1
1200,2017-12-31,2
1201,2017-12-31,1
1202,2017-12-31,2
1203,2017-12-31,7
1204,2017-12-31,4
1205,2017-12-31,15
1206,2017-12-31,2
1207,2017-12-31,1
1208,2017-12-31,2
1209,2017-12-31,1
1210,2017-12-31,12
1211,2017-12-31,6
1212,2017-12-31,0
1213,2017-12-31,1
1214,2017-12-31,0
1215,2017-12-31,51
1216,2017-12-31,3
1217,2017-12-31,0
1218,2017-12-31,17
1219,2017-12-31,3
1220,2017-12-31,1
1221,2017-12-31,0
1222,2017-12-31,1
1223,2017-12-31,20
1224,2017-12-31,4
1225,2017-12-31,0
1226,2017-12-31,1
1227,2017-12-31,0
1228,2017-12-31,1
1229,2017-12-31,1
1230,2017-12-31,0
1231,2017-12-31,0
1232,2017-12-31,0
1233,2017-12-31,0
1234,2017-12-31,0
1235,2017-12-31,2
1236,2017-12-31,0
1237,2017-12-31,0
1238,2017-12-31,0
1239,2017-12-31,0
1240,2017-12-31,0
1241,2017-12-31,0
1242,2017-12-31,1
1243,2017-12-31,1
1244,2017-12-31,0
1245,2017-12-31,0
1246,2017-12-31,0
1247,2017-12-31,2
1248,2017-12-31,1
1249,2017-12-31,0
1250,2017-12-31,0
1251,2017-12-31,38
1252,2017-12-31,2
1253,2017-12-31,25
1254,2017-12-31,1
1255,2017-12-31,1
1256,2017-12-31,0
1257,2017-12-31,18
1258,2017-12-31,2
1259,2017-12-31,2
1260,2017-12-31,29
1261,2017-12-31,1
1262,2017-12-31,4
1263,2017-12-31,2
1264,2017-12-31,84
1265,2017-12-31,24
1266,2017-12-31,79
1267,2017-12-31,48
1268,2017-12-31,119
1269,2017-12-31,74
1270,2017-12-31,66
1271,2017-12-31,4
1272,2017-12-31,0
1273,2017-12-31,0
1274,2017-12-31,34
1275,2017-12-31,49
1276,2017-12-31,68
1277,2017-12-31,142
1278,2017-12-31,0
1279,2017-12-31,0
1280,2017-12-31,0
1281,2017-12-31,0
1282,2017-12-31,0
1283,2017-12-31,1
1284,2017-12-31,0
1285,2017-12-31,0
1286,2017-12-31,1
1287,2017-12-31,0
1288,2017-12-31,1
1289,2017-12-31,0
1290,2017-12-31,0
1291,2017-12-31,0
1292,2017-12-31,0
1293,2017-12-31,0
1294,2017-12-31,0
1295,2017-12-31,7
1296,2017-12-31,39
1297,2017-12-31,0
1298,2017-12-31,12
1299,2017-12-31,0
1300,2017-12-31,9
1301,2017-12-31,7
1302,2017-12-31,36
1303,2017-12-31,2
1304,2017-12-31,47
1305,2017-12-31,48
1306,2017-12-31,0
1307,2017-12-31,15
1308,2017-12-31,136
1309,2017-12-31,1
1310,2017-12-31,32
1311,2017-12-31,174
1312,2017-12-31,0
1313,2017-12-31,15
1314,2017-12-31,93
1315,2017-12-31,216
1316,2017-12-31,3
1317,2017-12-31,3
1318,2017-12-31,0
1319,2017-12-31,16
1320,2017-12-31,2
1321,2017-12-31,0
1322,2017-12-31,4
1323,2017-12-31,3
1324,2017-12-31,4
1325,2017-12-31,2
1326,2017-12-31,5
1327,2017-12-31,30
1328,2017-12-31,5
1329,2017-12-31,12
1330,2017-12-31,0
1331,2017-12-31,1
1332,2017-12-31,15
1333,2017-12-31,10
1334,2017-12-31,1
1335,2017-12-31,2
1336,2017-12-31,0
1337,2017-12-31,242
1338,2017-12-31,174
1339,2017-12-31,5
1340,2017-12-31,3
1341,2017-12-31,23
1342,2017-12-31,0
1343,2017-12-31,1
1344,2017-12-31,3
1345,2017-12-31,7
1346,2017-12-31,4
1347,2017-12-31,0
1348,2017-12-31,3
1349,2017-12-31,13
1350,2017-12-31,3
1351,2017-12-31,6
1352,2017-12-31,6
1353,2017-12-31,0
1354,2017-12-31,0
1355,2017-12-31,2
1356,2017-12-31,54
1357,2017-12-31,47
1358,2017-12-31,6
1359,2017-12-31,80
1360,2017-12-31,3
1361,2017-12-31,1
1362,2017-12-31,0
1363,2017-12-31,0
1364,2017-12-31,2
1365,2017-12-31,0
1366,2017-12-31,0
1367,2017-12-31,0
1368,2017-12-31,0
1369,2017-12-31,8
1370,2017-12-31,6
1371,2017-12-31,3
1372,2017-12-31,1
1373,2017-12-31,0
1374,2017-12-31,6
1375,2017-12-31,2
1376,2017-12-31,0
1377,2017-12-31,24
1378,2017-12-31,22
1379,2017-12-31,1
1380,2017-12-31,51
1381,2017-12-31,14
1382,2017-12-31,4
1383,2017-12-31,4
1384,2017-12-31,1
1385,2017-12-31,109
1386,2017-12-31,32
1387,2017-12-31,42
1388,2017-12-31,53
1389,2017-12-31,68
1390,2017-12-31,41
1391,2017-12-31,32
1392,2017-12-31,1
1393,2017-12-31,15
1394,2017-12-31,82
1395,2017-12-31,34
1396,2017-12-31,1
1397,2017-12-31,94
1398,2017-12-31,6
1399,2017-12-31,9
1400,2017-12-31,50
1401,2017-12-31,30
1402,2017-12-31,42
1403,2017-12-31,15
1404,2017-12-31,77
1405,2017-12-31,17
1406,2017-12-31,0
1407,2017-12-31,57
1408,2017-12-31,13
1409,2017-12-31,8
1410,2017-12-31,34
1411,2017-12-31,67
1412,2017-12-31,13
1413,2017-12-31,7
1414,2017-12-31,42
1415,2017-12-31,59
1416,2017-12-31,15
1417,2017-12-31,9
1418,2017-12-31,8
1419,2017-12-31,101
1420,2017-12-31,19
1421,2017-12-31,57
1422,2017-12-31,21
1423,2017-12-31,27
1424,2017-12-31,5
1425,2017-12-31,53
1426,2017-12-31,57
1427,2017-12-31,43
1428,2017-12-31,43
1429,2017-12-31,0
1430,2017-12-31,10
1431,2017-12-31,30
1432,2017-12-31,9
1433,2017-12-31,33
1434,2017-12-31,53
1435,2017-12-31,19
1436,2017-12-31,129
1437,2017-12-31,61
1438,2017-12-31,29
1439,2017-12-31,1
1440,2017-12-31,33
1441,2017-12-31,11
1442,2017-12-31,109
1443,2017-12-31,54
1444,2017-12-31,9
1445,2017-12-31,12
1446,2017-12-31,4
1447,2017-12-31,3
1448,2017-12-31,5
1449,2017-12-31,4
1450,2017-12-31,29
1451,2017-12-31,21
1452,2017-12-31,21
1453,2017-12-31,11
1454,2017-12-31,5
1455,2017-12-31,3
1456,2017-12-31,38
1457,2017-12-31,1
1458,2017-12-31,73
1459,2017-12-31,55
1460,2017-12-31,7
1461,2017-12-31,11
1462,2017-12-31,6
1463,2017-12-31,16
1464,2017-12-31,24
1465,2017-12-31,25
1466,2017-12-31,20
1467,2017-12-31,48
1468,2017-12-31,26
1469,2017-12-31,0
1470,2017-12-31,5
1471,2017-12-31,34
1472,2017-12-31,0
1473,2017-12-31,5
1474,2017-12-31,13
1475,2017-12-31,13
1476,2017-12-31,65
1477,2017-12-31,27
1478,2017-12-31,15
1479,2017-12-31,36
1480,2017-12-31,36
1481,2017-12-31,8
1482,2017-12-31,4
1483,2017-12-31,8
1484,2017-12-31,20
1485,2017-12-31,31
1486,2017-12-31,99
1487,2017-12-31,8
1488,2017-12-31,43
1489,2017-12-31,7
1490,2017-12-31,10
1491,2017-12-31,11
1492,2017-12-31,22
1493,2017-12-31,68
1494,2017-12-31,13
1495,2017-12-31,726
1496,2017-12-31,2
1497,2017-12-31,10
1498,2017-12-31,20
1499,2017-12-31,6
1500,2017-12-31,2
